,min,max
fuselageHeight,0.106741,0.106741
fuselageParam1,0.146752,0.146752
fuselageParam2,0.150604,0.150604
fuselageLength,0.557926,0.557926
noseconeLength,0.13496,0.13496
noseconeTipScale,0.772237,0.772237
noseconeOffset,-0.0101363,-0.0101363
wingLength,0.78012,0.78012
wingVerticalPosition,0.616097,0.616097
wingHorizontalPosition,0.93215,0.93215
wingRootChord,0.192219,0.192219
wingScale,0.828631,0.828631
wingSweep,0.246745,0.246745
wingAirfoilMaxCamber,6.89173,6.89173
wingAirfoilMaxCamberPos,3.33673,3.33673
wingAirfoilMaxThickness,13.348,13.348
tailconeLength,0.473161,0.473161
tailconeTipScale,0.2408,0.2408
batteryPos,0.815123,0.815123
horizontalStabiliserWidth,0.918569,0.918569
horizontalStabiliserAirfoilMaxThickness,24.0144,24.0144
horizontalStabiliserAirfoilMaxCamber,3.18685,3.18685
horizontalStabiliserAirfoilMaxCamberPos,5.07243,5.07243
horizontalStabiliserChord,0.240818,0.240818
empennageLength,0.514506,0.514506
elevatorChord,0.108594,0.108594
elevatorAirfoilMaxThickness,31.7593,31.7593
vertStabiliserHeight,0.102866,0.102866
vertStabiliserMaxThickness,27.6196,27.6196
vertStabiliserChord,0.173688,0.173688